{"cameraMode":{"drawMode":0,"name":"Shaded","section":"Shading Mode"},"sceneLighting":true,"audioPlay":false,"sceneViewState":{"showFog":true,"showMaterialUpdate":false,"showSkybox":true,"showFlares":true,"showImageEffects":true,"showParticleSystems":true,"showVisualEffectGraphs":true,"m_FxEnabled":true},"in2DMode":false,"pivot":{"x":0.5899999737739563,"y":-0.06599999964237213,"z":-29.700000762939454},"rotation":{"x":-0.2858705520629883,"y":0.18731839954853059,"z":-0.05708546191453934,"w":-0.9380464553833008},"size":12.223973274230957,"orthographic":false}